Location,Period,Indicator,Dim1,First Tooltip
Afghanistan,2019,Healthy life expectancy (HALE) at birth (years),Both sexes,53.95
Afghanistan,2015,Healthy life expectancy (HALE) at birth (years),Both sexes,52.6
Afghanistan,2010,Healthy life expectancy (HALE) at birth (years),Both sexes,51.13
Afghanistan,2000,Healthy life expectancy (HALE) at birth (years),Both sexes,46.76
Albania,2019,Healthy life expectancy (HALE) at birth (years),Both sexes,69.08
Albania,2015,Healthy life expectancy (HALE) at birth (years),Both sexes,69.03
Albania,2010,Healthy life expectancy (HALE) at birth (years),Both sexes,67.57
Albania,2000,Healthy life expectancy (HALE) at birth (years),Both sexes,65.24
Algeria,2019,Healthy life expectancy (HALE) at birth (years),Both sexes,66.39
Algeria,2015,Healthy life expectancy (HALE) at birth (years),Both sexes,65.99
Algeria,2010,Healthy life expectancy (HALE) at birth (years),Both sexes,65.53
Algeria,2000,Healthy life expectancy (HALE) at birth (years),Both sexes,62.71
Angola,2019,Healthy life expectancy (HALE) at birth (years),Both sexes,54.84
Angola,2015,Healthy life expectancy (HALE) at birth (years),Both sexes,53.66
Angola,2010,Healthy life expectancy (HALE) at birth (years),Both sexes,50.57
Angola,2000,Healthy life expectancy (HALE) at birth (years),Both sexes,42.87
Antigua and Barbuda,2019,Healthy life expectancy (HALE) at birth (years),Both sexes,66.97
Antigua and Barbuda,2015,Healthy life expectancy (HALE) at birth (years),Both sexes,66.81
Antigua and Barbuda,2010,Healthy life expectancy (HALE) at birth (years),Both sexes,66.7
Antigua and Barbuda,2000,Healthy life expectancy (HALE) at birth (years),Both sexes,65.53
Argentina,2019,Healthy life expectancy (HALE) at birth (years),Both sexes,67.13
Argentina,2015,Healthy life expectancy (HALE) at birth (years),Both sexes,66.86
Argentina,2010,Healthy life expectancy (HALE) at birth (years),Both sexes,66.3
Argentina,2000,Healthy life expectancy (HALE) at birth (years),Both sexes,65.14
Armenia,2019,Healthy life expectancy (HALE) at birth (years),Both sexes,67.12
Armenia,2015,Healthy life expectancy (HALE) at birth (years),Both sexes,66
Armenia,2010,Healthy life expectancy (HALE) at birth (years),Both sexes,64.84
Armenia,2000,Healthy life expectancy (HALE) at birth (years),Both sexes,63.5
Australia,2019,Healthy life expectancy (HALE) at birth (years),Both sexes,70.93
Australia,2015,Healthy life expectancy (HALE) at birth (years),Both sexes,70.56
Australia,2010,Healthy life expectancy (HALE) at birth (years),Both sexes,70.17
Australia,2000,Healthy life expectancy (HALE) at birth (years),Both sexes,68.57
Austria,2019,Healthy life expectancy (HALE) at birth (years),Both sexes,70.94
Austria,2015,Healthy life expectancy (HALE) at birth (years),Both sexes,70.39
Austria,2010,Healthy life expectancy (HALE) at birth (years),Both sexes,69.92
Austria,2000,Healthy life expectancy (HALE) at birth (years),Both sexes,68.18
Azerbaijan,2019,Healthy life expectancy (HALE) at birth (years),Both sexes,63.65
Azerbaijan,2015,Healthy life expectancy (HALE) at birth (years),Both sexes,63.09
Azerbaijan,2010,Healthy life expectancy (HALE) at birth (years),Both sexes,61.71
Azerbaijan,2000,Healthy life expectancy (HALE) at birth (years),Both sexes,58.5
Bahamas,2019,Healthy life expectancy (HALE) at birth (years),Both sexes,64.35
Bahamas,2015,Healthy life expectancy (HALE) at birth (years),Both sexes,64.17
Bahamas,2010,Healthy life expectancy (HALE) at birth (years),Both sexes,64.31
Bahamas,2000,Healthy life expectancy (HALE) at birth (years),Both sexes,62.69
Bahrain,2019,Healthy life expectancy (HALE) at birth (years),Both sexes,65.88
Bahrain,2015,Healthy life expectancy (HALE) at birth (years),Both sexes,66.24
Bahrain,2010,Healthy life expectancy (HALE) at birth (years),Both sexes,65.04
Bahrain,2000,Healthy life expectancy (HALE) at birth (years),Both sexes,61.88
Bangladesh,2019,Healthy life expectancy (HALE) at birth (years),Both sexes,64.3
Bangladesh,2015,Healthy life expectancy (HALE) at birth (years),Both sexes,63.76
Bangladesh,2010,Healthy life expectancy (HALE) at birth (years),Both sexes,61.22
Bangladesh,2000,Healthy life expectancy (HALE) at birth (years),Both sexes,57.05
Barbados,2019,Healthy life expectancy (HALE) at birth (years),Both sexes,66.99
Barbados,2015,Healthy life expectancy (HALE) at birth (years),Both sexes,67.21
Barbados,2010,Healthy life expectancy (HALE) at birth (years),Both sexes,67
Barbados,2000,Healthy life expectancy (HALE) at birth (years),Both sexes,65.96
Belarus,2019,Healthy life expectancy (HALE) at birth (years),Both sexes,65.97
Belarus,2015,Healthy life expectancy (HALE) at birth (years),Both sexes,65.06
Belarus,2010,Healthy life expectancy (HALE) at birth (years),Both sexes,62.26
Belarus,2000,Healthy life expectancy (HALE) at birth (years),Both sexes,60.82
Belgium,2019,Healthy life expectancy (HALE) at birth (years),Both sexes,70.56
Belgium,2015,Healthy life expectancy (HALE) at birth (years),Both sexes,69.99
Belgium,2010,Healthy life expectancy (HALE) at birth (years),Both sexes,69.21
Belgium,2000,Healthy life expectancy (HALE) at birth (years),Both sexes,67.84
Belize,2019,Healthy life expectancy (HALE) at birth (years),Both sexes,65.29
Belize,2015,Healthy life expectancy (HALE) at birth (years),Both sexes,65.06
Belize,2010,Healthy life expectancy (HALE) at birth (years),Both sexes,64.57
Belize,2000,Healthy life expectancy (HALE) at birth (years),Both sexes,62.29
Benin,2019,Healthy life expectancy (HALE) at birth (years),Both sexes,55.52
Benin,2015,Healthy life expectancy (HALE) at birth (years),Both sexes,54.29
Benin,2010,Healthy life expectancy (HALE) at birth (years),Both sexes,53
Benin,2000,Healthy life expectancy (HALE) at birth (years),Both sexes,49.59
Bhutan,2019,Healthy life expectancy (HALE) at birth (years),Both sexes,63.36
Bhutan,2015,Healthy life expectancy (HALE) at birth (years),Both sexes,62.6
Bhutan,2010,Healthy life expectancy (HALE) at birth (years),Both sexes,61.67
Bhutan,2000,Healthy life expectancy (HALE) at birth (years),Both sexes,57.06
Bolivia (Plurinational State of),2019,Healthy life expectancy (HALE) at birth (years),Both sexes,63.27
Bolivia (Plurinational State of),2015,Healthy life expectancy (HALE) at birth (years),Both sexes,62.73
Bolivia (Plurinational State of),2010,Healthy life expectancy (HALE) at birth (years),Both sexes,61.72
Bolivia (Plurinational State of),2000,Healthy life expectancy (HALE) at birth (years),Both sexes,57.89
Bosnia and Herzegovina,2019,Healthy life expectancy (HALE) at birth (years),Both sexes,67.19
Bosnia and Herzegovina,2015,Healthy life expectancy (HALE) at birth (years),Both sexes,66.97
Bosnia and Herzegovina,2010,Healthy life expectancy (HALE) at birth (years),Both sexes,66.98
Bosnia and Herzegovina,2000,Healthy life expectancy (HALE) at birth (years),Both sexes,66.17
Botswana,2019,Healthy life expectancy (HALE) at birth (years),Both sexes,53.89
Botswana,2015,Healthy life expectancy (HALE) at birth (years),Both sexes,52.78
Botswana,2010,Healthy life expectancy (HALE) at birth (years),Both sexes,50.56
Botswana,2000,Healthy life expectancy (HALE) at birth (years),Both sexes,40.08
Brazil,2019,Healthy life expectancy (HALE) at birth (years),Both sexes,65.4
Brazil,2015,Healthy life expectancy (HALE) at birth (years),Both sexes,64.7
Brazil,2010,Healthy life expectancy (HALE) at birth (years),Both sexes,63.95
Brazil,2000,Healthy life expectancy (HALE) at birth (years),Both sexes,61.66
Brunei Darussalam,2019,Healthy life expectancy (HALE) at birth (years),Both sexes,65.65
Brunei Darussalam,2015,Healthy life expectancy (HALE) at birth (years),Both sexes,65.71
Brunei Darussalam,2010,Healthy life expectancy (HALE) at birth (years),Both sexes,65.76
Brunei Darussalam,2000,Healthy life expectancy (HALE) at birth (years),Both sexes,63.89
Bulgaria,2019,Healthy life expectancy (HALE) at birth (years),Both sexes,66.28
Bulgaria,2015,Healthy life expectancy (HALE) at birth (years),Both sexes,65.91
Bulgaria,2010,Healthy life expectancy (HALE) at birth (years),Both sexes,65.2
Bulgaria,2000,Healthy life expectancy (HALE) at birth (years),Both sexes,63.54
Burkina Faso,2019,Healthy life expectancy (HALE) at birth (years),Both sexes,54.86
Burkina Faso,2015,Healthy life expectancy (HALE) at birth (years),Both sexes,53.35
Burkina Faso,2010,Healthy life expectancy (HALE) at birth (years),Both sexes,51.2
Burkina Faso,2000,Healthy life expectancy (HALE) at birth (years),Both sexes,44.88
Burundi,2019,Healthy life expectancy (HALE) at birth (years),Both sexes,55.58
Burundi,2015,Healthy life expectancy (HALE) at birth (years),Both sexes,53.96
Burundi,2010,Healthy life expectancy (HALE) at birth (years),Both sexes,50.88
Burundi,2000,Healthy life expectancy (HALE) at birth (years),Both sexes,38.13
Cabo Verde,2019,Healthy life expectancy (HALE) at birth (years),Both sexes,64.8
Cabo Verde,2015,Healthy life expectancy (HALE) at birth (years),Both sexes,65.25
Cabo Verde,2010,Healthy life expectancy (HALE) at birth (years),Both sexes,64.53
Cabo Verde,2000,Healthy life expectancy (HALE) at birth (years),Both sexes,61.98
Cambodia,2019,Healthy life expectancy (HALE) at birth (years),Both sexes,61.51
Cambodia,2015,Healthy life expectancy (HALE) at birth (years),Both sexes,60.75
Cambodia,2010,Healthy life expectancy (HALE) at birth (years),Both sexes,59.01
Cambodia,2000,Healthy life expectancy (HALE) at birth (years),Both sexes,51.39
Cameroon,2019,Healthy life expectancy (HALE) at birth (years),Both sexes,54.52
Cameroon,2015,Healthy life expectancy (HALE) at birth (years),Both sexes,51.78
Cameroon,2010,Healthy life expectancy (HALE) at birth (years),Both sexes,49.57
Cameroon,2000,Healthy life expectancy (HALE) at birth (years),Both sexes,46.05
Canada,2019,Healthy life expectancy (HALE) at birth (years),Both sexes,71.25
Canada,2015,Healthy life expectancy (HALE) at birth (years),Both sexes,71.15
Canada,2010,Healthy life expectancy (HALE) at birth (years),Both sexes,70.84
Canada,2000,Healthy life expectancy (HALE) at birth (years),Both sexes,69.42
Central African Republic,2019,Healthy life expectancy (HALE) at birth (years),Both sexes,46.37
Central African Republic,2015,Healthy life expectancy (HALE) at birth (years),Both sexes,44.16
Central African Republic,2010,Healthy life expectancy (HALE) at birth (years),Both sexes,42.45
Central African Republic,2000,Healthy life expectancy (HALE) at birth (years),Both sexes,38.69
Chad,2019,Healthy life expectancy (HALE) at birth (years),Both sexes,52.02
Chad,2015,Healthy life expectancy (HALE) at birth (years),Both sexes,50.53
Chad,2010,Healthy life expectancy (HALE) at birth (years),Both sexes,48.55
Chad,2000,Healthy life expectancy (HALE) at birth (years),Both sexes,44.7
Chile,2019,Healthy life expectancy (HALE) at birth (years),Both sexes,70.05
Chile,2015,Healthy life expectancy (HALE) at birth (years),Both sexes,69.44
Chile,2010,Healthy life expectancy (HALE) at birth (years),Both sexes,68.46
Chile,2000,Healthy life expectancy (HALE) at birth (years),Both sexes,67
China,2019,Healthy life expectancy (HALE) at birth (years),Both sexes,68.53
China,2015,Healthy life expectancy (HALE) at birth (years),Both sexes,68.01
China,2010,Healthy life expectancy (HALE) at birth (years),Both sexes,66.68
China,2000,Healthy life expectancy (HALE) at birth (years),Both sexes,63.71
Colombia,2019,Healthy life expectancy (HALE) at birth (years),Both sexes,68.96
Colombia,2015,Healthy life expectancy (HALE) at birth (years),Both sexes,68.29
Colombia,2010,Healthy life expectancy (HALE) at birth (years),Both sexes,67.15
Colombia,2000,Healthy life expectancy (HALE) at birth (years),Both sexes,64.14
Comoros,2019,Healthy life expectancy (HALE) at birth (years),Both sexes,58.95
Comoros,2015,Healthy life expectancy (HALE) at birth (years),Both sexes,58.19
Comoros,2010,Healthy life expectancy (HALE) at birth (years),Both sexes,56.97
Comoros,2000,Healthy life expectancy (HALE) at birth (years),Both sexes,53.77
Congo,2019,Healthy life expectancy (HALE) at birth (years),Both sexes,56.25
Congo,2015,Healthy life expectancy (HALE) at birth (years),Both sexes,54.9
Congo,2010,Healthy life expectancy (HALE) at birth (years),Both sexes,53.03
Congo,2000,Healthy life expectancy (HALE) at birth (years),Both sexes,45.35
Costa Rica,2019,Healthy life expectancy (HALE) at birth (years),Both sexes,69.97
Costa Rica,2015,Healthy life expectancy (HALE) at birth (years),Both sexes,70.04
Costa Rica,2010,Healthy life expectancy (HALE) at birth (years),Both sexes,69.19
Costa Rica,2000,Healthy life expectancy (HALE) at birth (years),Both sexes,68.04
Côte d’Ivoire,2019,Healthy life expectancy (HALE) at birth (years),Both sexes,54.81
Côte d’Ivoire,2015,Healthy life expectancy (HALE) at birth (years),Both sexes,52.52
Côte d’Ivoire,2010,Healthy life expectancy (HALE) at birth (years),Both sexes,49.46
Côte d’Ivoire,2000,Healthy life expectancy (HALE) at birth (years),Both sexes,43.96
Croatia,2019,Healthy life expectancy (HALE) at birth (years),Both sexes,68.62
Croatia,2015,Healthy life expectancy (HALE) at birth (years),Both sexes,67.9
Croatia,2010,Healthy life expectancy (HALE) at birth (years),Both sexes,67.31
Croatia,2000,Healthy life expectancy (HALE) at birth (years),Both sexes,65.43
Cuba,2019,Healthy life expectancy (HALE) at birth (years),Both sexes,67.84
Cuba,2015,Healthy life expectancy (HALE) at birth (years),Both sexes,68.05
Cuba,2010,Healthy life expectancy (HALE) at birth (years),Both sexes,67.95
Cuba,2000,Healthy life expectancy (HALE) at birth (years),Both sexes,67.12
Cyprus,2019,Healthy life expectancy (HALE) at birth (years),Both sexes,72.41
Cyprus,2015,Healthy life expectancy (HALE) at birth (years),Both sexes,71.63
Cyprus,2010,Healthy life expectancy (HALE) at birth (years),Both sexes,70.79
Cyprus,2000,Healthy life expectancy (HALE) at birth (years),Both sexes,69.13
Czechia,2019,Healthy life expectancy (HALE) at birth (years),Both sexes,68.79
Czechia,2015,Healthy life expectancy (HALE) at birth (years),Both sexes,68.29
Czechia,2010,Healthy life expectancy (HALE) at birth (years),Both sexes,67.74
Czechia,2000,Healthy life expectancy (HALE) at birth (years),Both sexes,65.94
Democratic People's Republic of Korea,2019,Healthy life expectancy (HALE) at birth (years),Both sexes,65.01
Democratic People's Republic of Korea,2015,Healthy life expectancy (HALE) at birth (years),Both sexes,64.3
Democratic People's Republic of Korea,2010,Healthy life expectancy (HALE) at birth (years),Both sexes,62.98
Democratic People's Republic of Korea,2000,Healthy life expectancy (HALE) at birth (years),Both sexes,57.75
Democratic Republic of the Congo,2019,Healthy life expectancy (HALE) at birth (years),Both sexes,54.09
Democratic Republic of the Congo,2015,Healthy life expectancy (HALE) at birth (years),Both sexes,52.43
Democratic Republic of the Congo,2010,Healthy life expectancy (HALE) at birth (years),Both sexes,49.88
Democratic Republic of the Congo,2000,Healthy life expectancy (HALE) at birth (years),Both sexes,45.26
Denmark,2019,Healthy life expectancy (HALE) at birth (years),Both sexes,71.04
Denmark,2015,Healthy life expectancy (HALE) at birth (years),Both sexes,70.53
Denmark,2010,Healthy life expectancy (HALE) at birth (years),Both sexes,69.42
Denmark,2000,Healthy life expectancy (HALE) at birth (years),Both sexes,67.57
Djibouti,2019,Healthy life expectancy (HALE) at birth (years),Both sexes,58
Djibouti,2015,Healthy life expectancy (HALE) at birth (years),Both sexes,57
Djibouti,2010,Healthy life expectancy (HALE) at birth (years),Both sexes,54.59
Djibouti,2000,Healthy life expectancy (HALE) at birth (years),Both sexes,52.73
Dominican Republic,2019,Healthy life expectancy (HALE) at birth (years),Both sexes,63.98
Dominican Republic,2015,Healthy life expectancy (HALE) at birth (years),Both sexes,63.21
Dominican Republic,2010,Healthy life expectancy (HALE) at birth (years),Both sexes,64.38
Dominican Republic,2000,Healthy life expectancy (HALE) at birth (years),Both sexes,64.1
Ecuador,2019,Healthy life expectancy (HALE) at birth (years),Both sexes,68.48
Ecuador,2015,Healthy life expectancy (HALE) at birth (years),Both sexes,67.49
Ecuador,2010,Healthy life expectancy (HALE) at birth (years),Both sexes,65.8
Ecuador,2000,Healthy life expectancy (HALE) at birth (years),Both sexes,65.25
Egypt,2019,Healthy life expectancy (HALE) at birth (years),Both sexes,62.97
Egypt,2015,Healthy life expectancy (HALE) at birth (years),Both sexes,62
Egypt,2010,Healthy life expectancy (HALE) at birth (years),Both sexes,61.69
Egypt,2000,Healthy life expectancy (HALE) at birth (years),Both sexes,61.21
El Salvador,2019,Healthy life expectancy (HALE) at birth (years),Both sexes,64.87
El Salvador,2015,Healthy life expectancy (HALE) at birth (years),Both sexes,63.46
El Salvador,2010,Healthy life expectancy (HALE) at birth (years),Both sexes,64.4
El Salvador,2000,Healthy life expectancy (HALE) at birth (years),Both sexes,62.73
Equatorial Guinea,2019,Healthy life expectancy (HALE) at birth (years),Both sexes,53.86
Equatorial Guinea,2015,Healthy life expectancy (HALE) at birth (years),Both sexes,52.9
Equatorial Guinea,2010,Healthy life expectancy (HALE) at birth (years),Both sexes,51.68
Equatorial Guinea,2000,Healthy life expectancy (HALE) at birth (years),Both sexes,46.81
Eritrea,2019,Healthy life expectancy (HALE) at birth (years),Both sexes,55.73
Eritrea,2015,Healthy life expectancy (HALE) at birth (years),Both sexes,54.1
Eritrea,2010,Healthy life expectancy (HALE) at birth (years),Both sexes,52.65
Eritrea,2000,Healthy life expectancy (HALE) at birth (years),Both sexes,47.01
Estonia,2019,Healthy life expectancy (HALE) at birth (years),Both sexes,69.24
Estonia,2015,Healthy life expectancy (HALE) at birth (years),Both sexes,68.26
Estonia,2010,Healthy life expectancy (HALE) at birth (years),Both sexes,66.88
Estonia,2000,Healthy life expectancy (HALE) at birth (years),Both sexes,62.56
Eswatini,2019,Healthy life expectancy (HALE) at birth (years),Both sexes,50.06
Eswatini,2015,Healthy life expectancy (HALE) at birth (years),Both sexes,46.91
Eswatini,2010,Healthy life expectancy (HALE) at birth (years),Both sexes,41.38
Eswatini,2000,Healthy life expectancy (HALE) at birth (years),Both sexes,41.28
Ethiopia,2019,Healthy life expectancy (HALE) at birth (years),Both sexes,59.89
Ethiopia,2015,Healthy life expectancy (HALE) at birth (years),Both sexes,58.32
Ethiopia,2010,Healthy life expectancy (HALE) at birth (years),Both sexes,54.96
Ethiopia,2000,Healthy life expectancy (HALE) at birth (years),Both sexes,44.33
Fiji,2019,Healthy life expectancy (HALE) at birth (years),Both sexes,59.59
Fiji,2015,Healthy life expectancy (HALE) at birth (years),Both sexes,59.58
Fiji,2010,Healthy life expectancy (HALE) at birth (years),Both sexes,59.49
Fiji,2000,Healthy life expectancy (HALE) at birth (years),Both sexes,58.09
Finland,2019,Healthy life expectancy (HALE) at birth (years),Both sexes,71
Finland,2015,Healthy life expectancy (HALE) at birth (years),Both sexes,70.73
Finland,2010,Healthy life expectancy (HALE) at birth (years),Both sexes,69.55
Finland,2000,Healthy life expectancy (HALE) at birth (years),Both sexes,67.78
France,2019,Healthy life expectancy (HALE) at birth (years),Both sexes,72.08
France,2015,Healthy life expectancy (HALE) at birth (years),Both sexes,71.7
France,2010,Healthy life expectancy (HALE) at birth (years),Both sexes,71.16
France,2000,Healthy life expectancy (HALE) at birth (years),Both sexes,69.3
Gabon,2019,Healthy life expectancy (HALE) at birth (years),Both sexes,57.56
Gabon,2015,Healthy life expectancy (HALE) at birth (years),Both sexes,56.29
Gabon,2010,Healthy life expectancy (HALE) at birth (years),Both sexes,54.01
Gabon,2000,Healthy life expectancy (HALE) at birth (years),Both sexes,50.5
Gambia,2019,Healthy life expectancy (HALE) at birth (years),Both sexes,57.04
Gambia,2015,Healthy life expectancy (HALE) at birth (years),Both sexes,55.83
Gambia,2010,Healthy life expectancy (HALE) at birth (years),Both sexes,54.39
Gambia,2000,Healthy life expectancy (HALE) at birth (years),Both sexes,51.66
Georgia,2019,Healthy life expectancy (HALE) at birth (years),Both sexes,64.68
Georgia,2015,Healthy life expectancy (HALE) at birth (years),Both sexes,64.2
Georgia,2010,Healthy life expectancy (HALE) at birth (years),Both sexes,63.71
Georgia,2000,Healthy life expectancy (HALE) at birth (years),Both sexes,61.94
Germany,2019,Healthy life expectancy (HALE) at birth (years),Both sexes,70.89
Germany,2015,Healthy life expectancy (HALE) at birth (years),Both sexes,70.07
Germany,2010,Healthy life expectancy (HALE) at birth (years),Both sexes,69.96
Germany,2000,Healthy life expectancy (HALE) at birth (years),Both sexes,68.46
Ghana,2019,Healthy life expectancy (HALE) at birth (years),Both sexes,57.98
Ghana,2015,Healthy life expectancy (HALE) at birth (years),Both sexes,56.49
Ghana,2010,Healthy life expectancy (HALE) at birth (years),Both sexes,54.33
Ghana,2000,Healthy life expectancy (HALE) at birth (years),Both sexes,51.9
Greece,2019,Healthy life expectancy (HALE) at birth (years),Both sexes,70.87
Greece,2015,Healthy life expectancy (HALE) at birth (years),Both sexes,70.43
Greece,2010,Healthy life expectancy (HALE) at birth (years),Both sexes,70.04
Greece,2000,Healthy life expectancy (HALE) at birth (years),Both sexes,68.63
Grenada,2019,Healthy life expectancy (HALE) at birth (years),Both sexes,63.92
Grenada,2015,Healthy life expectancy (HALE) at birth (years),Both sexes,63.85
Grenada,2010,Healthy life expectancy (HALE) at birth (years),Both sexes,63.48
Grenada,2000,Healthy life expectancy (HALE) at birth (years),Both sexes,63.58
Guatemala,2019,Healthy life expectancy (HALE) at birth (years),Both sexes,62.3
Guatemala,2015,Healthy life expectancy (HALE) at birth (years),Both sexes,61.48
Guatemala,2010,Healthy life expectancy (HALE) at birth (years),Both sexes,60.09
Guatemala,2000,Healthy life expectancy (HALE) at birth (years),Both sexes,57.84
Guinea,2019,Healthy life expectancy (HALE) at birth (years),Both sexes,53.32
Guinea,2015,Healthy life expectancy (HALE) at birth (years),Both sexes,51.51
Guinea,2010,Healthy life expectancy (HALE) at birth (years),Both sexes,50.87
Guinea,2000,Healthy life expectancy (HALE) at birth (years),Both sexes,47.54
Guinea-Bissau,2019,Healthy life expectancy (HALE) at birth (years),Both sexes,52.62
Guinea-Bissau,2015,Healthy life expectancy (HALE) at birth (years),Both sexes,50.92
Guinea-Bissau,2010,Healthy life expectancy (HALE) at birth (years),Both sexes,48.56
Guinea-Bissau,2000,Healthy life expectancy (HALE) at birth (years),Both sexes,44.05
Guyana,2019,Healthy life expectancy (HALE) at birth (years),Both sexes,57.24
Guyana,2015,Healthy life expectancy (HALE) at birth (years),Both sexes,57.17
Guyana,2010,Healthy life expectancy (HALE) at birth (years),Both sexes,56.58
Guyana,2000,Healthy life expectancy (HALE) at birth (years),Both sexes,54.97
Haiti,2019,Healthy life expectancy (HALE) at birth (years),Both sexes,55.8
Haiti,2015,Healthy life expectancy (HALE) at birth (years),Both sexes,54.59
Haiti,2010,Healthy life expectancy (HALE) at birth (years),Both sexes,27.98
Haiti,2000,Healthy life expectancy (HALE) at birth (years),Both sexes,50
Honduras,2019,Healthy life expectancy (HALE) at birth (years),Both sexes,62.98
Honduras,2015,Healthy life expectancy (HALE) at birth (years),Both sexes,61.33
Honduras,2010,Healthy life expectancy (HALE) at birth (years),Both sexes,62.32
Honduras,2000,Healthy life expectancy (HALE) at birth (years),Both sexes,61.22
Hungary,2019,Healthy life expectancy (HALE) at birth (years),Both sexes,67.19
Hungary,2015,Healthy life expectancy (HALE) at birth (years),Both sexes,66.6
Hungary,2010,Healthy life expectancy (HALE) at birth (years),Both sexes,65.77
Hungary,2000,Healthy life expectancy (HALE) at birth (years),Both sexes,63.03
Iceland,2019,Healthy life expectancy (HALE) at birth (years),Both sexes,71.98
Iceland,2015,Healthy life expectancy (HALE) at birth (years),Both sexes,71.9
Iceland,2010,Healthy life expectancy (HALE) at birth (years),Both sexes,71.43
Iceland,2000,Healthy life expectancy (HALE) at birth (years),Both sexes,69.82
India,2019,Healthy life expectancy (HALE) at birth (years),Both sexes,60.33
India,2015,Healthy life expectancy (HALE) at birth (years),Both sexes,59.14
India,2010,Healthy life expectancy (HALE) at birth (years),Both sexes,57.32
India,2000,Healthy life expectancy (HALE) at birth (years),Both sexes,52.95
Indonesia,2019,Healthy life expectancy (HALE) at birth (years),Both sexes,62.83
Indonesia,2015,Healthy life expectancy (HALE) at birth (years),Both sexes,62.33
Indonesia,2010,Healthy life expectancy (HALE) at birth (years),Both sexes,61.21
Indonesia,2000,Healthy life expectancy (HALE) at birth (years),Both sexes,59.03
Iran (Islamic Republic of),2019,Healthy life expectancy (HALE) at birth (years),Both sexes,66.26
Iran (Islamic Republic of),2015,Healthy life expectancy (HALE) at birth (years),Both sexes,65.66
Iran (Islamic Republic of),2010,Healthy life expectancy (HALE) at birth (years),Both sexes,65.02
Iran (Islamic Republic of),2000,Healthy life expectancy (HALE) at birth (years),Both sexes,62.56
Iraq,2019,Healthy life expectancy (HALE) at birth (years),Both sexes,62.66
Iraq,2015,Healthy life expectancy (HALE) at birth (years),Both sexes,60.8
Iraq,2010,Healthy life expectancy (HALE) at birth (years),Both sexes,60.88
Iraq,2000,Healthy life expectancy (HALE) at birth (years),Both sexes,59.52
Ireland,2019,Healthy life expectancy (HALE) at birth (years),Both sexes,71.07
Ireland,2015,Healthy life expectancy (HALE) at birth (years),Both sexes,70.66
Ireland,2010,Healthy life expectancy (HALE) at birth (years),Both sexes,70.06
Ireland,2000,Healthy life expectancy (HALE) at birth (years),Both sexes,67.08
Israel,2019,Healthy life expectancy (HALE) at birth (years),Both sexes,72.38
Israel,2015,Healthy life expectancy (HALE) at birth (years),Both sexes,71.84
Israel,2010,Healthy life expectancy (HALE) at birth (years),Both sexes,71.42
Israel,2000,Healthy life expectancy (HALE) at birth (years),Both sexes,69.21
Italy,2019,Healthy life expectancy (HALE) at birth (years),Both sexes,71.92
Italy,2015,Healthy life expectancy (HALE) at birth (years),Both sexes,71.56
Italy,2010,Healthy life expectancy (HALE) at birth (years),Both sexes,71.14
Italy,2000,Healthy life expectancy (HALE) at birth (years),Both sexes,69.04
Jamaica,2019,Healthy life expectancy (HALE) at birth (years),Both sexes,66.55
Jamaica,2015,Healthy life expectancy (HALE) at birth (years),Both sexes,66.59
Jamaica,2010,Healthy life expectancy (HALE) at birth (years),Both sexes,66.56
Jamaica,2000,Healthy life expectancy (HALE) at birth (years),Both sexes,65.4
Japan,2019,Healthy life expectancy (HALE) at birth (years),Both sexes,74.09
Japan,2015,Healthy life expectancy (HALE) at birth (years),Both sexes,73.62
Japan,2010,Healthy life expectancy (HALE) at birth (years),Both sexes,72.97
Japan,2000,Healthy life expectancy (HALE) at birth (years),Both sexes,71.58
Jordan,2019,Healthy life expectancy (HALE) at birth (years),Both sexes,67.6
Jordan,2015,Healthy life expectancy (HALE) at birth (years),Both sexes,67.59
Jordan,2010,Healthy life expectancy (HALE) at birth (years),Both sexes,66.67
Jordan,2000,Healthy life expectancy (HALE) at birth (years),Both sexes,63.56
Kazakhstan,2019,Healthy life expectancy (HALE) at birth (years),Both sexes,64.99
Kazakhstan,2015,Healthy life expectancy (HALE) at birth (years),Both sexes,63.35
Kazakhstan,2010,Healthy life expectancy (HALE) at birth (years),Both sexes,60.45
Kazakhstan,2000,Healthy life expectancy (HALE) at birth (years),Both sexes,56.1
Kenya,2019,Healthy life expectancy (HALE) at birth (years),Both sexes,57.68
Kenya,2015,Healthy life expectancy (HALE) at birth (years),Both sexes,56.08
Kenya,2010,Healthy life expectancy (HALE) at birth (years),Both sexes,53.53
Kenya,2000,Healthy life expectancy (HALE) at birth (years),Both sexes,46.94
Kiribati,2019,Healthy life expectancy (HALE) at birth (years),Both sexes,52.62
Kiribati,2015,Healthy life expectancy (HALE) at birth (years),Both sexes,51.62
Kiribati,2010,Healthy life expectancy (HALE) at birth (years),Both sexes,51.53
Kiribati,2000,Healthy life expectancy (HALE) at birth (years),Both sexes,49.57
Kuwait,2019,Healthy life expectancy (HALE) at birth (years),Both sexes,70.09
Kuwait,2015,Healthy life expectancy (HALE) at birth (years),Both sexes,70.23
Kuwait,2010,Healthy life expectancy (HALE) at birth (years),Both sexes,69.21
Kuwait,2000,Healthy life expectancy (HALE) at birth (years),Both sexes,67.7
Kyrgyzstan,2019,Healthy life expectancy (HALE) at birth (years),Both sexes,65.78
Kyrgyzstan,2015,Healthy life expectancy (HALE) at birth (years),Both sexes,63.74
Kyrgyzstan,2010,Healthy life expectancy (HALE) at birth (years),Both sexes,61.64
Kyrgyzstan,2000,Healthy life expectancy (HALE) at birth (years),Both sexes,58.66
Lao People's Democratic Republic,2019,Healthy life expectancy (HALE) at birth (years),Both sexes,60.51
Lao People's Democratic Republic,2015,Healthy life expectancy (HALE) at birth (years),Both sexes,59.29
Lao People's Democratic Republic,2010,Healthy life expectancy (HALE) at birth (years),Both sexes,57.43
Lao People's Democratic Republic,2000,Healthy life expectancy (HALE) at birth (years),Both sexes,51.77
Latvia,2019,Healthy life expectancy (HALE) at birth (years),Both sexes,66.25
Latvia,2015,Healthy life expectancy (HALE) at birth (years),Both sexes,65.76
Latvia,2010,Healthy life expectancy (HALE) at birth (years),Both sexes,64.26
Latvia,2000,Healthy life expectancy (HALE) at birth (years),Both sexes,61.57
Lebanon,2019,Healthy life expectancy (HALE) at birth (years),Both sexes,65.96
Lebanon,2015,Healthy life expectancy (HALE) at birth (years),Both sexes,65.67
Lebanon,2010,Healthy life expectancy (HALE) at birth (years),Both sexes,65.4
Lebanon,2000,Healthy life expectancy (HALE) at birth (years),Both sexes,64.66
Lesotho,2019,Healthy life expectancy (HALE) at birth (years),Both sexes,44.24
Lesotho,2015,Healthy life expectancy (HALE) at birth (years),Both sexes,41.64
Lesotho,2010,Healthy life expectancy (HALE) at birth (years),Both sexes,41.46
Lesotho,2000,Healthy life expectancy (HALE) at birth (years),Both sexes,41.98
Liberia,2019,Healthy life expectancy (HALE) at birth (years),Both sexes,54.91
Liberia,2015,Healthy life expectancy (HALE) at birth (years),Both sexes,52.47
Liberia,2010,Healthy life expectancy (HALE) at birth (years),Both sexes,52.05
Liberia,2000,Healthy life expectancy (HALE) at birth (years),Both sexes,45.82
Libya,2019,Healthy life expectancy (HALE) at birth (years),Both sexes,65.22
Libya,2015,Healthy life expectancy (HALE) at birth (years),Both sexes,64.35
Libya,2010,Healthy life expectancy (HALE) at birth (years),Both sexes,65.68
Libya,2000,Healthy life expectancy (HALE) at birth (years),Both sexes,64.59
Lithuania,2019,Healthy life expectancy (HALE) at birth (years),Both sexes,66.69
Lithuania,2015,Healthy life expectancy (HALE) at birth (years),Both sexes,65.28
Lithuania,2010,Healthy life expectancy (HALE) at birth (years),Both sexes,64.25
Lithuania,2000,Healthy life expectancy (HALE) at birth (years),Both sexes,63.12
Luxembourg,2019,Healthy life expectancy (HALE) at birth (years),Both sexes,71.55
Luxembourg,2015,Healthy life expectancy (HALE) at birth (years),Both sexes,71.53
Luxembourg,2010,Healthy life expectancy (HALE) at birth (years),Both sexes,70.48
Luxembourg,2000,Healthy life expectancy (HALE) at birth (years),Both sexes,68.34
Madagascar,2019,Healthy life expectancy (HALE) at birth (years),Both sexes,57.31
Madagascar,2015,Healthy life expectancy (HALE) at birth (years),Both sexes,56.3
Madagascar,2010,Healthy life expectancy (HALE) at birth (years),Both sexes,55.08
Madagascar,2000,Healthy life expectancy (HALE) at birth (years),Both sexes,51.32
Malawi,2019,Healthy life expectancy (HALE) at birth (years),Both sexes,57.06
Malawi,2015,Healthy life expectancy (HALE) at birth (years),Both sexes,54.89
Malawi,2010,Healthy life expectancy (HALE) at birth (years),Both sexes,49.59
Malawi,2000,Healthy life expectancy (HALE) at birth (years),Both sexes,39.07
Malaysia,2019,Healthy life expectancy (HALE) at birth (years),Both sexes,65.66
Malaysia,2015,Healthy life expectancy (HALE) at birth (years),Both sexes,65.78
Malaysia,2010,Healthy life expectancy (HALE) at birth (years),Both sexes,65.38
Malaysia,2000,Healthy life expectancy (HALE) at birth (years),Both sexes,63.99
Maldives,2019,Healthy life expectancy (HALE) at birth (years),Both sexes,69.95
Maldives,2015,Healthy life expectancy (HALE) at birth (years),Both sexes,69.11
Maldives,2010,Healthy life expectancy (HALE) at birth (years),Both sexes,67.97
Maldives,2000,Healthy life expectancy (HALE) at birth (years),Both sexes,62.39
Mali,2019,Healthy life expectancy (HALE) at birth (years),Both sexes,54.63
Mali,2015,Healthy life expectancy (HALE) at birth (years),Both sexes,52.98
Mali,2010,Healthy life expectancy (HALE) at birth (years),Both sexes,51.34
Mali,2000,Healthy life expectancy (HALE) at birth (years),Both sexes,45.61
Malta,2019,Healthy life expectancy (HALE) at birth (years),Both sexes,71.46
Malta,2015,Healthy life expectancy (HALE) at birth (years),Both sexes,71.32
Malta,2010,Healthy life expectancy (HALE) at birth (years),Both sexes,70.41
Malta,2000,Healthy life expectancy (HALE) at birth (years),Both sexes,68.53
Mauritania,2019,Healthy life expectancy (HALE) at birth (years),Both sexes,59.76
Mauritania,2015,Healthy life expectancy (HALE) at birth (years),Both sexes,58.95
Mauritania,2010,Healthy life expectancy (HALE) at birth (years),Both sexes,57.42
Mauritania,2000,Healthy life expectancy (HALE) at birth (years),Both sexes,54.36
Mauritius,2019,Healthy life expectancy (HALE) at birth (years),Both sexes,63.94
Mauritius,2015,Healthy life expectancy (HALE) at birth (years),Both sexes,64.03
Mauritius,2010,Healthy life expectancy (HALE) at birth (years),Both sexes,63.37
Mauritius,2000,Healthy life expectancy (HALE) at birth (years),Both sexes,61.94
Mexico,2019,Healthy life expectancy (HALE) at birth (years),Both sexes,65.76
Mexico,2015,Healthy life expectancy (HALE) at birth (years),Both sexes,65.76
Mexico,2010,Healthy life expectancy (HALE) at birth (years),Both sexes,65.13
Mexico,2000,Healthy life expectancy (HALE) at birth (years),Both sexes,64.55
Micronesia (Federated States of),2019,Healthy life expectancy (HALE) at birth (years),Both sexes,55.98
Micronesia (Federated States of),2015,Healthy life expectancy (HALE) at birth (years),Both sexes,55.8
Micronesia (Federated States of),2010,Healthy life expectancy (HALE) at birth (years),Both sexes,55.76
Micronesia (Federated States of),2000,Healthy life expectancy (HALE) at birth (years),Both sexes,54.5
Mongolia,2019,Healthy life expectancy (HALE) at birth (years),Both sexes,60.29
Mongolia,2015,Healthy life expectancy (HALE) at birth (years),Both sexes,59.85
Mongolia,2010,Healthy life expectancy (HALE) at birth (years),Both sexes,57.77
Mongolia,2000,Healthy life expectancy (HALE) at birth (years),Both sexes,53.82
Montenegro,2019,Healthy life expectancy (HALE) at birth (years),Both sexes,66.97
Montenegro,2015,Healthy life expectancy (HALE) at birth (years),Both sexes,66.64
Montenegro,2010,Healthy life expectancy (HALE) at birth (years),Both sexes,66.17
Montenegro,2000,Healthy life expectancy (HALE) at birth (years),Both sexes,65.17
Morocco,2019,Healthy life expectancy (HALE) at birth (years),Both sexes,63.69
Morocco,2015,Healthy life expectancy (HALE) at birth (years),Both sexes,63.29
Morocco,2010,Healthy life expectancy (HALE) at birth (years),Both sexes,62.53
Morocco,2000,Healthy life expectancy (HALE) at birth (years),Both sexes,60.69
Mozambique,2019,Healthy life expectancy (HALE) at birth (years),Both sexes,50.36
Mozambique,2015,Healthy life expectancy (HALE) at birth (years),Both sexes,48.6
Mozambique,2010,Healthy life expectancy (HALE) at birth (years),Both sexes,46.46
Mozambique,2000,Healthy life expectancy (HALE) at birth (years),Both sexes,43.58
Myanmar,2019,Healthy life expectancy (HALE) at birth (years),Both sexes,60.85
Myanmar,2015,Healthy life expectancy (HALE) at birth (years),Both sexes,59.56
Myanmar,2010,Healthy life expectancy (HALE) at birth (years),Both sexes,57.2
Myanmar,2000,Healthy life expectancy (HALE) at birth (years),Both sexes,52.95
Namibia,2019,Healthy life expectancy (HALE) at birth (years),Both sexes,56.06
Namibia,2015,Healthy life expectancy (HALE) at birth (years),Both sexes,54.57
Namibia,2010,Healthy life expectancy (HALE) at birth (years),Both sexes,52.94
Namibia,2000,Healthy life expectancy (HALE) at birth (years),Both sexes,46.6
Nepal,2019,Healthy life expectancy (HALE) at birth (years),Both sexes,61.34
Nepal,2015,Healthy life expectancy (HALE) at birth (years),Both sexes,60.17
Nepal,2010,Healthy life expectancy (HALE) at birth (years),Both sexes,59.95
Nepal,2000,Healthy life expectancy (HALE) at birth (years),Both sexes,56.25
Netherlands,2019,Healthy life expectancy (HALE) at birth (years),Both sexes,71.44
Netherlands,2015,Healthy life expectancy (HALE) at birth (years),Both sexes,71.12
Netherlands,2010,Healthy life expectancy (HALE) at birth (years),Both sexes,70.9
Netherlands,2000,Healthy life expectancy (HALE) at birth (years),Both sexes,68.77
New Zealand,2019,Healthy life expectancy (HALE) at birth (years),Both sexes,70.24
New Zealand,2015,Healthy life expectancy (HALE) at birth (years),Both sexes,69.89
New Zealand,2010,Healthy life expectancy (HALE) at birth (years),Both sexes,69.78
New Zealand,2000,Healthy life expectancy (HALE) at birth (years),Both sexes,67.8
Nicaragua,2019,Healthy life expectancy (HALE) at birth (years),Both sexes,65.46
Nicaragua,2015,Healthy life expectancy (HALE) at birth (years),Both sexes,65.16
Nicaragua,2010,Healthy life expectancy (HALE) at birth (years),Both sexes,64.7
Nicaragua,2000,Healthy life expectancy (HALE) at birth (years),Both sexes,63.69
Niger,2019,Healthy life expectancy (HALE) at birth (years),Both sexes,55.52
Niger,2015,Healthy life expectancy (HALE) at birth (years),Both sexes,54.14
Niger,2010,Healthy life expectancy (HALE) at birth (years),Both sexes,51.86
Niger,2000,Healthy life expectancy (HALE) at birth (years),Both sexes,44.18
Nigeria,2019,Healthy life expectancy (HALE) at birth (years),Both sexes,54.39
Nigeria,2015,Healthy life expectancy (HALE) at birth (years),Both sexes,53.13
Nigeria,2010,Healthy life expectancy (HALE) at birth (years),Both sexes,51.5
Nigeria,2000,Healthy life expectancy (HALE) at birth (years),Both sexes,46.46
Norway,2019,Healthy life expectancy (HALE) at birth (years),Both sexes,71.36
Norway,2015,Healthy life expectancy (HALE) at birth (years),Both sexes,71.23
Norway,2010,Healthy life expectancy (HALE) at birth (years),Both sexes,70.18
Norway,2000,Healthy life expectancy (HALE) at birth (years),Both sexes,68.43
Oman,2019,Healthy life expectancy (HALE) at birth (years),Both sexes,64.68
Oman,2015,Healthy life expectancy (HALE) at birth (years),Both sexes,63.75
Oman,2010,Healthy life expectancy (HALE) at birth (years),Both sexes,62.04
Oman,2000,Healthy life expectancy (HALE) at birth (years),Both sexes,60.94
Pakistan,2019,Healthy life expectancy (HALE) at birth (years),Both sexes,56.87
Pakistan,2015,Healthy life expectancy (HALE) at birth (years),Both sexes,55.78
Pakistan,2010,Healthy life expectancy (HALE) at birth (years),Both sexes,54.49
Pakistan,2000,Healthy life expectancy (HALE) at birth (years),Both sexes,52.35
Panama,2019,Healthy life expectancy (HALE) at birth (years),Both sexes,68.68
Panama,2015,Healthy life expectancy (HALE) at birth (years),Both sexes,68.28
Panama,2010,Healthy life expectancy (HALE) at birth (years),Both sexes,67.47
Panama,2000,Healthy life expectancy (HALE) at birth (years),Both sexes,67.2
Papua New Guinea,2019,Healthy life expectancy (HALE) at birth (years),Both sexes,57.08
Papua New Guinea,2015,Healthy life expectancy (HALE) at birth (years),Both sexes,56.42
Papua New Guinea,2010,Healthy life expectancy (HALE) at birth (years),Both sexes,55.43
Papua New Guinea,2000,Healthy life expectancy (HALE) at birth (years),Both sexes,55.28
Paraguay,2019,Healthy life expectancy (HALE) at birth (years),Both sexes,65.8
Paraguay,2015,Healthy life expectancy (HALE) at birth (years),Both sexes,65.63
Paraguay,2010,Healthy life expectancy (HALE) at birth (years),Both sexes,65.23
Paraguay,2000,Healthy life expectancy (HALE) at birth (years),Both sexes,65
Peru,2019,Healthy life expectancy (HALE) at birth (years),Both sexes,69.5
Peru,2015,Healthy life expectancy (HALE) at birth (years),Both sexes,68.85
Peru,2010,Healthy life expectancy (HALE) at birth (years),Both sexes,67.48
Peru,2000,Healthy life expectancy (HALE) at birth (years),Both sexes,64.9
Philippines,2019,Healthy life expectancy (HALE) at birth (years),Both sexes,62
Philippines,2015,Healthy life expectancy (HALE) at birth (years),Both sexes,61.91
Philippines,2010,Healthy life expectancy (HALE) at birth (years),Both sexes,61.57
Philippines,2000,Healthy life expectancy (HALE) at birth (years),Both sexes,60.58
Poland,2019,Healthy life expectancy (HALE) at birth (years),Both sexes,68.66
Poland,2015,Healthy life expectancy (HALE) at birth (years),Both sexes,68.03
Poland,2010,Healthy life expectancy (HALE) at birth (years),Both sexes,67.13
Poland,2000,Healthy life expectancy (HALE) at birth (years),Both sexes,65
Portugal,2019,Healthy life expectancy (HALE) at birth (years),Both sexes,70.96
Portugal,2015,Healthy life expectancy (HALE) at birth (years),Both sexes,70.49
Portugal,2010,Healthy life expectancy (HALE) at birth (years),Both sexes,69.34
Portugal,2000,Healthy life expectancy (HALE) at birth (years),Both sexes,66.83
Qatar,2019,Healthy life expectancy (HALE) at birth (years),Both sexes,67.06
Qatar,2015,Healthy life expectancy (HALE) at birth (years),Both sexes,66.44
Qatar,2010,Healthy life expectancy (HALE) at birth (years),Both sexes,64.72
Qatar,2000,Healthy life expectancy (HALE) at birth (years),Both sexes,62.45
Republic of Korea,2019,Healthy life expectancy (HALE) at birth (years),Both sexes,73.06
Republic of Korea,2015,Healthy life expectancy (HALE) at birth (years),Both sexes,72.03
Republic of Korea,2010,Healthy life expectancy (HALE) at birth (years),Both sexes,70.88
Republic of Korea,2000,Healthy life expectancy (HALE) at birth (years),Both sexes,67.36
Republic of Moldova,2019,Healthy life expectancy (HALE) at birth (years),Both sexes,64.54
Republic of Moldova,2015,Healthy life expectancy (HALE) at birth (years),Both sexes,62.86
Republic of Moldova,2010,Healthy life expectancy (HALE) at birth (years),Both sexes,61.04
Republic of Moldova,2000,Healthy life expectancy (HALE) at birth (years),Both sexes,59.26
The former Yugoslav Republic of Macedonia,2019,Healthy life expectancy (HALE) at birth (years),Both sexes,66.14
The former Yugoslav Republic of Macedonia,2015,Healthy life expectancy (HALE) at birth (years),Both sexes,65.33
The former Yugoslav Republic of Macedonia,2010,Healthy life expectancy (HALE) at birth (years),Both sexes,64.86
The former Yugoslav Republic of Macedonia,2000,Healthy life expectancy (HALE) at birth (years),Both sexes,63.19
Romania,2019,Healthy life expectancy (HALE) at birth (years),Both sexes,66.85
Romania,2015,Healthy life expectancy (HALE) at birth (years),Both sexes,66.28
Romania,2010,Healthy life expectancy (HALE) at birth (years),Both sexes,65.43
Romania,2000,Healthy life expectancy (HALE) at birth (years),Both sexes,63.27
Russian Federation,2019,Healthy life expectancy (HALE) at birth (years),Both sexes,64.21
Russian Federation,2015,Healthy life expectancy (HALE) at birth (years),Both sexes,62.67
Russian Federation,2010,Healthy life expectancy (HALE) at birth (years),Both sexes,60.48
Russian Federation,2000,Healthy life expectancy (HALE) at birth (years),Both sexes,57.34
Rwanda,2019,Healthy life expectancy (HALE) at birth (years),Both sexes,60.21
Rwanda,2015,Healthy life expectancy (HALE) at birth (years),Both sexes,58.87
Rwanda,2010,Healthy life expectancy (HALE) at birth (years),Both sexes,55.93
Rwanda,2000,Healthy life expectancy (HALE) at birth (years),Both sexes,41.19
Saint Lucia,2019,Healthy life expectancy (HALE) at birth (years),Both sexes,64.7
Saint Lucia,2015,Healthy life expectancy (HALE) at birth (years),Both sexes,65.25
Saint Lucia,2010,Healthy life expectancy (HALE) at birth (years),Both sexes,65.45
Saint Lucia,2000,Healthy life expectancy (HALE) at birth (years),Both sexes,64.01
Saint Vincent and the Grenadines,2019,Healthy life expectancy (HALE) at birth (years),Both sexes,63.97
Saint Vincent and the Grenadines,2015,Healthy life expectancy (HALE) at birth (years),Both sexes,63.51
Saint Vincent and the Grenadines,2010,Healthy life expectancy (HALE) at birth (years),Both sexes,63.97
Saint Vincent and the Grenadines,2000,Healthy life expectancy (HALE) at birth (years),Both sexes,62.23
Samoa,2019,Healthy life expectancy (HALE) at birth (years),Both sexes,62.13
Samoa,2015,Healthy life expectancy (HALE) at birth (years),Both sexes,61.9
Samoa,2010,Healthy life expectancy (HALE) at birth (years),Both sexes,61.54
Samoa,2000,Healthy life expectancy (HALE) at birth (years),Both sexes,60.73
Sao Tome and Principe,2019,Healthy life expectancy (HALE) at birth (years),Both sexes,61.6
Sao Tome and Principe,2015,Healthy life expectancy (HALE) at birth (years),Both sexes,60.95
Sao Tome and Principe,2010,Healthy life expectancy (HALE) at birth (years),Both sexes,59.76
Sao Tome and Principe,2000,Healthy life expectancy (HALE) at birth (years),Both sexes,55.55
Saudi Arabia,2019,Healthy life expectancy (HALE) at birth (years),Both sexes,64.02
Saudi Arabia,2015,Healthy life expectancy (HALE) at birth (years),Both sexes,63.2
Saudi Arabia,2010,Healthy life expectancy (HALE) at birth (years),Both sexes,62.19
Saudi Arabia,2000,Healthy life expectancy (HALE) at birth (years),Both sexes,61.18
Senegal,2019,Healthy life expectancy (HALE) at birth (years),Both sexes,59.37
Senegal,2015,Healthy life expectancy (HALE) at birth (years),Both sexes,58.17
Senegal,2010,Healthy life expectancy (HALE) at birth (years),Both sexes,56.65
Senegal,2000,Healthy life expectancy (HALE) at birth (years),Both sexes,50.76
Serbia,2019,Healthy life expectancy (HALE) at birth (years),Both sexes,66.88
Serbia,2015,Healthy life expectancy (HALE) at birth (years),Both sexes,66.44
Serbia,2010,Healthy life expectancy (HALE) at birth (years),Both sexes,65.66
Serbia,2000,Healthy life expectancy (HALE) at birth (years),Both sexes,63.43
Seychelles,2019,Healthy life expectancy (HALE) at birth (years),Both sexes,64.01
Seychelles,2015,Healthy life expectancy (HALE) at birth (years),Both sexes,63.98
Seychelles,2010,Healthy life expectancy (HALE) at birth (years),Both sexes,63.97
Seychelles,2000,Healthy life expectancy (HALE) at birth (years),Both sexes,63.07
Sierra Leone,2019,Healthy life expectancy (HALE) at birth (years),Both sexes,52.92
Sierra Leone,2015,Healthy life expectancy (HALE) at birth (years),Both sexes,49.7
Sierra Leone,2010,Healthy life expectancy (HALE) at birth (years),Both sexes,47.76
Sierra Leone,2000,Healthy life expectancy (HALE) at birth (years),Both sexes,42.22
Singapore,2019,Healthy life expectancy (HALE) at birth (years),Both sexes,73.55
Singapore,2015,Healthy life expectancy (HALE) at birth (years),Both sexes,73.2
Singapore,2010,Healthy life expectancy (HALE) at birth (years),Both sexes,72.34
Singapore,2000,Healthy life expectancy (HALE) at birth (years),Both sexes,69.49
Slovakia,2019,Healthy life expectancy (HALE) at birth (years),Both sexes,68.54
Slovakia,2015,Healthy life expectancy (HALE) at birth (years),Both sexes,67.64
Slovakia,2010,Healthy life expectancy (HALE) at birth (years),Both sexes,66.48
Slovakia,2000,Healthy life expectancy (HALE) at birth (years),Both sexes,64.72
Slovenia,2019,Healthy life expectancy (HALE) at birth (years),Both sexes,70.74
Slovenia,2015,Healthy life expectancy (HALE) at birth (years),Both sexes,70.04
Slovenia,2010,Healthy life expectancy (HALE) at birth (years),Both sexes,69.23
Slovenia,2000,Healthy life expectancy (HALE) at birth (years),Both sexes,66.52
Solomon Islands,2019,Healthy life expectancy (HALE) at birth (years),Both sexes,57.76
Solomon Islands,2015,Healthy life expectancy (HALE) at birth (years),Both sexes,57.4
Solomon Islands,2010,Healthy life expectancy (HALE) at birth (years),Both sexes,56.58
Solomon Islands,2000,Healthy life expectancy (HALE) at birth (years),Both sexes,55.68
Somalia,2019,Healthy life expectancy (HALE) at birth (years),Both sexes,49.72
Somalia,2015,Healthy life expectancy (HALE) at birth (years),Both sexes,48.09
Somalia,2010,Healthy life expectancy (HALE) at birth (years),Both sexes,45.91
Somalia,2000,Healthy life expectancy (HALE) at birth (years),Both sexes,44.01
South Africa,2019,Healthy life expectancy (HALE) at birth (years),Both sexes,56.15
South Africa,2015,Healthy life expectancy (HALE) at birth (years),Both sexes,54.11
South Africa,2010,Healthy life expectancy (HALE) at birth (years),Both sexes,49.61
South Africa,2000,Healthy life expectancy (HALE) at birth (years),Both sexes,48.48
South Sudan,2019,Healthy life expectancy (HALE) at birth (years),Both sexes,53.66
South Sudan,2015,Healthy life expectancy (HALE) at birth (years),Both sexes,53.02
South Sudan,2010,Healthy life expectancy (HALE) at birth (years),Both sexes,52.38
South Sudan,2000,Healthy life expectancy (HALE) at birth (years),Both sexes,46.36
Spain,2019,Healthy life expectancy (HALE) at birth (years),Both sexes,72.09
Spain,2015,Healthy life expectancy (HALE) at birth (years),Both sexes,71.56
Spain,2010,Healthy life expectancy (HALE) at birth (years),Both sexes,71.03
Spain,2000,Healthy life expectancy (HALE) at birth (years),Both sexes,69.06
Sri Lanka,2019,Healthy life expectancy (HALE) at birth (years),Both sexes,67.05
Sri Lanka,2015,Healthy life expectancy (HALE) at birth (years),Both sexes,66.55
Sri Lanka,2010,Healthy life expectancy (HALE) at birth (years),Both sexes,64.19
Sri Lanka,2000,Healthy life expectancy (HALE) at birth (years),Both sexes,62.99
Sudan,2019,Healthy life expectancy (HALE) at birth (years),Both sexes,59.91
Sudan,2015,Healthy life expectancy (HALE) at birth (years),Both sexes,58.89
Sudan (until 2011),2010,Healthy life expectancy (HALE) at birth (years),Both sexes,57.73
Sudan (until 2011),2000,Healthy life expectancy (HALE) at birth (years),Both sexes,54.27
Suriname,2019,Healthy life expectancy (HALE) at birth (years),Both sexes,62.39
Suriname,2015,Healthy life expectancy (HALE) at birth (years),Both sexes,63.18
Suriname,2010,Healthy life expectancy (HALE) at birth (years),Both sexes,62.65
Suriname,2000,Healthy life expectancy (HALE) at birth (years),Both sexes,61.31
Sweden,2019,Healthy life expectancy (HALE) at birth (years),Both sexes,71.91
Sweden,2015,Healthy life expectancy (HALE) at birth (years),Both sexes,71.43
Sweden,2010,Healthy life expectancy (HALE) at birth (years),Both sexes,71.18
Sweden,2000,Healthy life expectancy (HALE) at birth (years),Both sexes,69.86
Switzerland,2019,Healthy life expectancy (HALE) at birth (years),Both sexes,72.52
Switzerland,2015,Healthy life expectancy (HALE) at birth (years),Both sexes,71.75
Switzerland,2010,Healthy life expectancy (HALE) at birth (years),Both sexes,71.37
Switzerland,2000,Healthy life expectancy (HALE) at birth (years),Both sexes,69.29
Syrian Arab Republic,2019,Healthy life expectancy (HALE) at birth (years),Both sexes,62.87
Syrian Arab Republic,2015,Healthy life expectancy (HALE) at birth (years),Both sexes,56.34
Syrian Arab Republic,2010,Healthy life expectancy (HALE) at birth (years),Both sexes,65.11
Syrian Arab Republic,2000,Healthy life expectancy (HALE) at birth (years),Both sexes,62.8
Tajikistan,2019,Healthy life expectancy (HALE) at birth (years),Both sexes,62.01
Tajikistan,2015,Healthy life expectancy (HALE) at birth (years),Both sexes,61.43
Tajikistan,2010,Healthy life expectancy (HALE) at birth (years),Both sexes,60.86
Tajikistan,2000,Healthy life expectancy (HALE) at birth (years),Both sexes,58.35
Thailand,2019,Healthy life expectancy (HALE) at birth (years),Both sexes,68.26
Thailand,2015,Healthy life expectancy (HALE) at birth (years),Both sexes,68.02
Thailand,2010,Healthy life expectancy (HALE) at birth (years),Both sexes,67.09
Thailand,2000,Healthy life expectancy (HALE) at birth (years),Both sexes,62.64
Timor-Leste,2019,Healthy life expectancy (HALE) at birth (years),Both sexes,60.89
Timor-Leste,2015,Healthy life expectancy (HALE) at birth (years),Both sexes,60.34
Timor-Leste,2010,Healthy life expectancy (HALE) at birth (years),Both sexes,59.29
Timor-Leste,2000,Healthy life expectancy (HALE) at birth (years),Both sexes,53.05
Togo,2019,Healthy life expectancy (HALE) at birth (years),Both sexes,56.19
Togo,2015,Healthy life expectancy (HALE) at birth (years),Both sexes,54.21
Togo,2010,Healthy life expectancy (HALE) at birth (years),Both sexes,51.96
Togo,2000,Healthy life expectancy (HALE) at birth (years),Both sexes,48.93
Tonga,2019,Healthy life expectancy (HALE) at birth (years),Both sexes,64.01
Tonga,2015,Healthy life expectancy (HALE) at birth (years),Both sexes,63.93
Tonga,2010,Healthy life expectancy (HALE) at birth (years),Both sexes,63.87
Tonga,2000,Healthy life expectancy (HALE) at birth (years),Both sexes,62.87
Trinidad and Tobago,2019,Healthy life expectancy (HALE) at birth (years),Both sexes,66.23
Trinidad and Tobago,2015,Healthy life expectancy (HALE) at birth (years),Both sexes,65.19
Trinidad and Tobago,2010,Healthy life expectancy (HALE) at birth (years),Both sexes,63.34
Trinidad and Tobago,2000,Healthy life expectancy (HALE) at birth (years),Both sexes,61.43
Tunisia,2019,Healthy life expectancy (HALE) at birth (years),Both sexes,66.89
Tunisia,2015,Healthy life expectancy (HALE) at birth (years),Both sexes,66.75
Tunisia,2010,Healthy life expectancy (HALE) at birth (years),Both sexes,66.3
Tunisia,2000,Healthy life expectancy (HALE) at birth (years),Both sexes,64.8
Turkey,2019,Healthy life expectancy (HALE) at birth (years),Both sexes,68.41
Turkey,2015,Healthy life expectancy (HALE) at birth (years),Both sexes,67.72
Turkey,2010,Healthy life expectancy (HALE) at birth (years),Both sexes,66.95
Turkey,2000,Healthy life expectancy (HALE) at birth (years),Both sexes,64.97
Turkmenistan,2019,Healthy life expectancy (HALE) at birth (years),Both sexes,62.11
Turkmenistan,2015,Healthy life expectancy (HALE) at birth (years),Both sexes,61.73
Turkmenistan,2010,Healthy life expectancy (HALE) at birth (years),Both sexes,60.12
Turkmenistan,2000,Healthy life expectancy (HALE) at birth (years),Both sexes,56.64
Uganda,2019,Healthy life expectancy (HALE) at birth (years),Both sexes,58.21
Uganda,2015,Healthy life expectancy (HALE) at birth (years),Both sexes,56.29
Uganda,2010,Healthy life expectancy (HALE) at birth (years),Both sexes,52.12
Uganda,2000,Healthy life expectancy (HALE) at birth (years),Both sexes,42.52
Ukraine,2019,Healthy life expectancy (HALE) at birth (years),Both sexes,64.3
Ukraine,2015,Healthy life expectancy (HALE) at birth (years),Both sexes,63.79
Ukraine,2010,Healthy life expectancy (HALE) at birth (years),Both sexes,62.2
Ukraine,2000,Healthy life expectancy (HALE) at birth (years),Both sexes,59.71
United Arab Emirates,2019,Healthy life expectancy (HALE) at birth (years),Both sexes,65.99
United Arab Emirates,2015,Healthy life expectancy (HALE) at birth (years),Both sexes,65.45
United Arab Emirates,2010,Healthy life expectancy (HALE) at birth (years),Both sexes,65.1
United Arab Emirates,2000,Healthy life expectancy (HALE) at birth (years),Both sexes,63.85
United Kingdom of Great Britain and Northern Ireland,2019,Healthy life expectancy (HALE) at birth (years),Both sexes,70.13
United Kingdom of Great Britain and Northern Ireland,2015,Healthy life expectancy (HALE) at birth (years),Both sexes,69.67
United Kingdom of Great Britain and Northern Ireland,2010,Healthy life expectancy (HALE) at birth (years),Both sexes,69.44
United Kingdom of Great Britain and Northern Ireland,2000,Healthy life expectancy (HALE) at birth (years),Both sexes,67.57
United Republic of Tanzania,2019,Healthy life expectancy (HALE) at birth (years),Both sexes,58.46
United Republic of Tanzania,2015,Healthy life expectancy (HALE) at birth (years),Both sexes,56.74
United Republic of Tanzania,2010,Healthy life expectancy (HALE) at birth (years),Both sexes,53.36
United Republic of Tanzania,2000,Healthy life expectancy (HALE) at birth (years),Both sexes,45.44
United States of America,2019,Healthy life expectancy (HALE) at birth (years),Both sexes,66.12
United States of America,2015,Healthy life expectancy (HALE) at birth (years),Both sexes,66.56
United States of America,2010,Healthy life expectancy (HALE) at birth (years),Both sexes,66.74
United States of America,2000,Healthy life expectancy (HALE) at birth (years),Both sexes,65.8
Uruguay,2019,Healthy life expectancy (HALE) at birth (years),Both sexes,67.51
Uruguay,2015,Healthy life expectancy (HALE) at birth (years),Both sexes,67.54
Uruguay,2010,Healthy life expectancy (HALE) at birth (years),Both sexes,67.15
Uruguay,2000,Healthy life expectancy (HALE) at birth (years),Both sexes,65.94
Uzbekistan,2019,Healthy life expectancy (HALE) at birth (years),Both sexes,64.68
Uzbekistan,2015,Healthy life expectancy (HALE) at birth (years),Both sexes,63.46
Uzbekistan,2010,Healthy life expectancy (HALE) at birth (years),Both sexes,62.33
Uzbekistan,2000,Healthy life expectancy (HALE) at birth (years),Both sexes,58.08
Vanuatu,2019,Healthy life expectancy (HALE) at birth (years),Both sexes,57.83
Vanuatu,2015,Healthy life expectancy (HALE) at birth (years),Both sexes,57.36
Vanuatu,2010,Healthy life expectancy (HALE) at birth (years),Both sexes,57.34
Vanuatu,2000,Healthy life expectancy (HALE) at birth (years),Both sexes,56.79
Venezuela (Bolivarian Republic of),2019,Healthy life expectancy (HALE) at birth (years),Both sexes,64.44
Venezuela (Bolivarian Republic of),2015,Healthy life expectancy (HALE) at birth (years),Both sexes,65.1
Venezuela (Bolivarian Republic of),2010,Healthy life expectancy (HALE) at birth (years),Both sexes,65.28
Venezuela (Bolivarian Republic of),2000,Healthy life expectancy (HALE) at birth (years),Both sexes,64.68
Viet Nam,2019,Healthy life expectancy (HALE) at birth (years),Both sexes,65.3
Viet Nam,2015,Healthy life expectancy (HALE) at birth (years),Both sexes,64.89
Viet Nam,2010,Healthy life expectancy (HALE) at birth (years),Both sexes,64.55
Viet Nam,2000,Healthy life expectancy (HALE) at birth (years),Both sexes,63.3
Yemen,2019,Healthy life expectancy (HALE) at birth (years),Both sexes,57.53
Yemen,2015,Healthy life expectancy (HALE) at birth (years),Both sexes,58.38
Yemen,2010,Healthy life expectancy (HALE) at birth (years),Both sexes,58.63
Yemen,2000,Healthy life expectancy (HALE) at birth (years),Both sexes,54.46
Zambia,2019,Healthy life expectancy (HALE) at birth (years),Both sexes,54.4
Zambia,2015,Healthy life expectancy (HALE) at birth (years),Both sexes,52.71
Zambia,2010,Healthy life expectancy (HALE) at birth (years),Both sexes,49.44
Zambia,2000,Healthy life expectancy (HALE) at birth (years),Both sexes,38.95
Zimbabwe,2019,Healthy life expectancy (HALE) at birth (years),Both sexes,53.07
Zimbabwe,2015,Healthy life expectancy (HALE) at birth (years),Both sexes,51.17
Zimbabwe,2010,Healthy life expectancy (HALE) at birth (years),Both sexes,45.22
Zimbabwe,2000,Healthy life expectancy (HALE) at birth (years),Both sexes,41.03
